formula,chemsys,ehull
Li8 Sn4 N8,Li-N-Sn,0
Li8 Sn4 N8,Li-N-Sn,0.014945073
Li8 Sn4 N8,Li-N-Sn,0.009578061
Li8 Sn4 N8,Li-N-Sn,0.021861073
Li8 Sn4 N8,Li-N-Sn,0.040137338
Y6 Si12 N22,N-Si-Y,0.047281039
Y6 Si12 N22,N-Si-Y,0.057180077
Y6 Si12 N22,N-Si-Y,0.075263324
Y6 Si12 N22,N-Si-Y,0.078583578
Y6 Si12 N22,N-Si-Y,0.074943611
Rb15 W7 N19,N-Rb-W,0.03300793
Rb15 W7 N19,N-Rb-W,0.032888414
Rb15 W7 N19,N-Rb-W,0.031906267
Rb15 W7 N19,N-Rb-W,0.041855223
Na15 W7 N19,N-Na-W,0.053975885
Na15 W7 N19,N-Na-W,0.033442312
Na15 W7 N19,N-Na-W,0.062061095
Na15 W7 N19,N-Na-W,0.038129037
Sr20 Si8 N24,N-Si-Sr,0.00431328
Sr20 Si8 N24,N-Si-Sr,0.022777711
Sr10 Si4 N12,N-Si-Sr,0.017185602
Sr10 Si4 N12,N-Si-Sr,0.020259973
Sr10 Si4 N12,N-Si-Sr,0.031617941
K15 W7 N19,K-N-W,0.050589303
Na15 W7 N19,N-Na-W,0.052760942
K15 W7 N19,K-N-W,0.050271756
K15 W7 N19,K-N-W,0.036981168
K15 W7 N19,K-N-W,0.049032485
K15 W7 N19,K-N-W,0.060666164
Rb15 W7 N19,N-Rb-W,0.045998445
Y8 Se6 N4,N-Se-Y,0
Y4 Se3 N2,N-Se-Y,0.044230204
Y4 Se3 N2,N-Se-Y,0.022092151
Mg8 Re4 N12,Mg-N-Re,0.032393824
Mg2 Re1 N3,Mg-N-Re,0.075076748
Mg8 Re4 N12,Mg-N-Re,0
Mg8 Re4 N12,Mg-N-Re,0.023913174
Mg4 Re2 N6,Mg-N-Re,0.058448215
Ca6 W6 N10,Ca-N-W,0.238680563
Ca6 W6 N10,Ca-N-W,0.251311473
Ca3 W3 N5,Ca-N-W,0.245626309
Ca3 W3 N5,Ca-N-W,0.25747311
Ca6 W6 N10,Ca-N-W,0.209910693
Cs4 V4 N8,Cs-N-V,0.001862652
Rb4 Ru4 N8,N-Rb-Ru,0.043225433
Rb4 Ru4 N8,N-Rb-Ru,0.043179906
Cs6 Re4 N10,Cs-N-Re,0
Cs4 Ru4 N8,Cs-N-Ru,0.033826588
Cs15 W7 N19,Cs-N-W,0.064561541
Cs15 W7 N19,Cs-N-W,0.061596156
Cs15 W7 N19,Cs-N-W,0.064069852
Cs6 Re4 N10,Cs-N-Re,0.004572151
Cs15 W7 N19,Cs-N-W,0.06274726
Cs6 Re4 N10,Cs-N-Re,0.028022735
Cs4 Ru4 N8,Cs-N-Ru,0.045721222
Cs4 V4 N8,Cs-N-V,0
Cs4 Ru4 N8,Cs-N-Ru,0.022820593
Cs4 Ru4 N8,Cs-N-Ru,0.02210868
Rb3 Os3 N6,N-Os-Rb,0.067472422
Rb3 Os3 N6,N-Os-Rb,0.016879299
Rb3 Os3 N6,N-Os-Rb,0.040591734
Rb3 Os3 N6,N-Os-Rb,0.079664821
Rb3 Os3 N6,N-Os-Rb,0.067711121
Cs4 Os4 N8,Cs-N-Os,0
Cs2 Os2 N4,Cs-N-Os,0.020099016
Zn8 Re4 N12,N-Re-Zn,0.040077972
Zn8 Re4 N12,N-Re-Zn,0.129870033
Zn8 Re4 N12,N-Re-Zn,0.07716852
Zn8 Re4 N12,N-Re-Zn,0.131921952
Na15 Mo7 N19,Mo-N-Na,0.04132543
Na15 Mo7 N19,Mo-N-Na,0.041947785
Na15 Mo7 N19,Mo-N-Na,0.054372363
Na15 Mo7 N19,Mo-N-Na,0.030761961
Na15 Mo7 N19,Mo-N-Na,0.048276489
Sr8 Re4 N12,N-Re-Sr,0.025877532
Sr8 Re4 N12,N-Re-Sr,0
Sr8 Re4 N12,N-Re-Sr,0.014122529
Sr8 Re4 N12,N-Re-Sr,0.022614397
Sr8 Re4 N12,N-Re-Sr,0.031708208
K15 Mo7 N19,K-Mo-N,0.040211515
K15 Mo7 N19,K-Mo-N,0.053542806
Cs4 Os4 N8,Cs-N-Os,0.000111706
Cs4 Os4 N8,Cs-N-Os,0.043394866
Zn8 Re4 N12,N-Re-Zn,0.117557394
K15 Mo7 N19,K-Mo-N,0.037258225
K15 Mo7 N19,K-Mo-N,0.059995878
K15 Mo7 N19,K-Mo-N,0.041632303
Li15 Si3 N9,Li-N-Si,0.00710581
Li10 Si2 N6,Li-N-Si,0
Li20 Si4 N12,Li-N-Si,0.01868406
Li20 Si4 N12,Li-N-Si,0.048504422
Na15 Re7 N19,N-Na-Re,0.034149226
Na15 Re7 N19,N-Na-Re,0.043019483
Na15 Re7 N19,N-Na-Re,0.046839472
Na15 Re7 N19,N-Na-Re,0.043624699
Na15 Re7 N19,N-Na-Re,0.027015047
Ca8 Mo4 N12,Ca-Mo-N,0.036219004
Ca8 Mo4 N12,Ca-Mo-N,0
Ca8 Mo4 N12,Ca-Mo-N,0.012063287
Ca8 Mo4 N12,Ca-Mo-N,0.072980825
Ca8 Mo4 N12,Ca-Mo-N,0.072948531
Ca10 Os4 N12,Ca-N-Os,0.021201309
Ca20 Os8 N24,Ca-N-Os,0.076850652
Ca10 Os4 N12,Ca-N-Os,0.033050315
Ca10 Os4 N12,Ca-N-Os,0.046324795
Ca10 Os4 N12,Ca-N-Os,0
K15 Os7 N19,K-N-Os,0.025462375
K15 Os7 N19,K-N-Os,0.003108285
K15 Os7 N19,K-N-Os,0.029486031
Cs10 Mo6 N15,Cs-Mo-N,0.057328145
K15 Os7 N19,K-N-Os,0
K15 Os7 N19,K-N-Os,0.013963952
K4 Nb4 N8,K-N-Nb,0.004515144
K4 Nb4 N8,K-N-Nb,0.004704973
K4 Nb4 N8,K-N-Nb,0.008510517
K4 Nb4 N8,K-N-Nb,0.00453516
K4 Nb4 N8,K-N-Nb,0.001628928
Mn4 Zn8 N12,Mn-N-Zn,0.006703155
Mn4 Zn8 N12,Mn-N-Zn,0.03319294
Mn2 Zn4 N6,Mn-N-Zn,0.024563567
K12 B4 N8,B-K-N,0
K9 B3 N6,B-K-N,0.059860389
K9 B3 N6,B-K-N,0.057824787
K12 B4 N8,B-K-N,0.02836232
K6 B2 N4,B-K-N,0.025721439
Rb4 Mn4 N8,Mn-N-Rb,0.032849175
Rb4 Mn4 N8,Mn-N-Rb,0
Rb2 Mn2 N4,Mn-N-Rb,0.03016468
Rb2 Mn2 N4,Mn-N-Rb,0.031690026
Rb4 Mn4 N8,Mn-N-Rb,0.018731893
Na12 Os4 N8,N-Na-Os,0.078551183
Na12 Os4 N8,N-Na-Os,0.078481084
Na9 Os3 N6,N-Na-Os,0.139955148
Na9 Os3 N6,N-Na-Os,0.139853796
Na9 Os3 N6,N-Na-Os,0.130474184
Li14 Sb2 N8,Li-N-Sb,0
Li28 Sb4 N16,Li-N-Sb,0.009486016
Li14 Sb2 N8,Li-N-Sb,1.72E-05
Li28 Sb4 N16,Li-N-Sb,0.023258286
Li28 Sb4 N16,Li-N-Sb,0.023293466
Li3 In1 N2,In-Li-N,0.01051273
Li12 In4 N8,In-Li-N,0.040847864
Li12 In4 N8,In-Li-N,0.027194901
Li12 In4 N8,In-Li-N,0.042187631
Li12 In4 N8,In-Li-N,0.039762091
Na12 Ir4 N8,Ir-N-Na,0.092292614
Na12 Ir4 N8,Ir-N-Na,0.107839353
Na6 Ir2 N4,Ir-N-Na,0.108449058
Na12 Ir4 N8,Ir-N-Na,0.123668656
Na12 Ir4 N8,Ir-N-Na,0.124290227
Rb4 Mo4 N8,Mo-N-Rb,0.002902653
Rb4 Mo4 N8,Mo-N-Rb,0
Rb4 Mo4 N8,Mo-N-Rb,0.024318974
Rb2 Mo2 N4,Mo-N-Rb,0.052709269
Li3 Y1 N2,Li-N-Y,0.027588151
Li6 Y2 N4,Li-N-Y,0.052442843
Li6 Y2 N4,Li-N-Y,0.041168599
Li6 Y2 N4,Li-N-Y,0.058231889
Li12 Y4 N8,Li-N-Y,0.038716623
Na15 Cr7 N19,Cr-N-Na,0.047838527
Na15 Cr7 N19,Cr-N-Na,0.040145878
Cs2 Mn4 N6,Cs-Mn-N,0
Cs2 Mn4 N6,Cs-Mn-N,0.000751226
Na15 Cr7 N19,Cr-N-Na,0.050648978
Na15 Cr7 N19,Cr-N-Na,0.047822918
Na15 Cr7 N19,Cr-N-Na,0.054831518
Li12 Ru2 N8,Li-N-Ru,0.002069942
Li12 Ru2 N8,Li-N-Ru,0.019097254
Li18 Ru3 N12,Li-N-Ru,0.032636898
Li24 Ru4 N16,Li-N-Ru,0.017715631
Li12 Ru2 N8,Li-N-Ru,0.025042018
Na8 Ge4 N8,Ge-N-Na,0.019008686
Na8 Ge4 N8,Ge-N-Na,0.009524294
Na8 Ge4 N8,Ge-N-Na,0.029298733
Na8 Ge4 N8,Ge-N-Na,0.009471575
Na8 Ge4 N8,Ge-N-Na,0.017565137
Li15 Ti3 N9,Li-N-Ti,0.000664188
Li20 Ti4 N12,Li-N-Ti,0
Li15 Ti3 N9,Li-N-Ti,0.000489994
Li20 Ti4 N12,Li-N-Ti,0.000631046
Li20 Ti4 N12,Li-N-Ti,0.021782139
Ba1 Ge7 N10,Ba-Ge-N,0.030940405
Li20 Os4 N16,Li-N-Os,0.000468874
Li10 Os2 N8,Li-N-Os,0.028711797
Li10 Os2 N8,Li-N-Os,0
Li20 Os4 N16,Li-N-Os,0.006959757
Li20 Os4 N16,Li-N-Os,0.016775073
K15 Cr7 N19,Cr-K-N,0.042879641
K15 Cr7 N19,Cr-K-N,0.053683392
K15 Cr7 N19,Cr-K-N,0.053398493
K15 Cr7 N19,Cr-K-N,0.05099683
K15 Cr7 N19,Cr-K-N,0.056343071
Ca6 Al6 N10,Al-Ca-N,0.029945424
Ca6 Al6 N10,Al-Ca-N,0.058373957
Sr6 Fe6 N10,Fe-N-Sr,0
Sr6 Fe6 N10,Fe-N-Sr,0.02194856
Sr6 Fe6 N10,Fe-N-Sr,0.025145469
Sr6 Fe6 N10,Fe-N-Sr,0.00581808
Ca10 Cr4 N14,Ca-Cr-N,0.033463607
Ca10 Cr4 N14,Ca-Cr-N,0.043849987
Ca10 Cr4 N14,Ca-Cr-N,0.041646399
Ca10 Cr4 N14,Ca-Cr-N,0.064251653
Ca15 Cr6 N21,Ca-Cr-N,0.079490175
Li24 Ir4 N16,Ir-Li-N,0.001559718
Li12 Ir2 N8,Ir-Li-N,0.027244063
Li24 Ir4 N16,Ir-Li-N,0.024232853
Li24 Ir4 N16,Ir-Li-N,0.02719154
Li18 Ir3 N12,Ir-Li-N,0.045327057
Ba8 Cr4 N12,Ba-Cr-N,0.013039705
Ba4 Cr2 N6,Ba-Cr-N,0.054888055
Ba4 Cr2 N6,Ba-Cr-N,0
Ba8 Cr4 N12,Ba-Cr-N,0.014408275
Ba8 Cr4 N12,Ba-Cr-N,0.014459921
Li9 Co3 N6,Co-Li-N,0
Li9 Co3 N6,Co-Li-N,0.013230048
Li9 Co3 N6,Co-Li-N,0.010948384
Li9 Co3 N6,Co-Li-N,0.015786226
Na12 Co4 N8,Co-N-Na,0.032855487
Na12 Co4 N8,Co-N-Na,0.02042617
Li6 Co2 N4,Co-Li-N,0.00846123
Sr6 Fe6 N10,Fe-N-Sr,0.05546156
Na12 Co4 N8,Co-N-Na,0.022518543
Na12 Co4 N8,Co-N-Na,0.045535075
Na6 Co2 N4,Co-N-Na,0.025990587
Ba2 V4 N8,Ba-N-V,0
Ba4 V8 N16,Ba-N-V,0.001447162
Ba4 V8 N16,Ba-N-V,0.003336745
Ba4 V8 N16,Ba-N-V,0.004396423
Ba4 V8 N16,Ba-N-V,0.00744835
Li24 Fe4 N16,Fe-Li-N,0.005186499
Li24 Fe4 N16,Fe-Li-N,0.012649031
Li24 Fe4 N16,Fe-Li-N,0.013301209
Li12 Fe2 N8,Fe-Li-N,0.041079184
Li24 Fe4 N16,Fe-Li-N,0.009309708
K4 Co4 N4,Co-K-N,0.003946171
K4 Co4 N4,Co-K-N,0.003624132
K2 Co2 N2,Co-K-N,0.005735746
K4 Co4 N4,Co-K-N,0.113561107
K4 Co4 N4,Co-K-N,0.116583119
Ba8 Re4 N12,Ba-N-Re,0.016611718
Ba8 Re4 N12,Ba-N-Re,0.024892306
Ba8 Re4 N12,Ba-N-Re,0
Ba8 Re4 N12,Ba-N-Re,0.058582105
Ba8 Re4 N12,Ba-N-Re,0.041372769
Li14 Bi2 N8,Bi-Li-N,0.002794245
Li28 Bi4 N16,Bi-Li-N,0.019044888
Li28 Bi4 N16,Bi-Li-N,0.026763674
Li28 Bi4 N16,Bi-Li-N,0.026226409
Li28 Bi4 N16,Bi-Li-N,0.025960047
Cs4 Co4 N4,Co-Cs-N,0.017340396
Cs4 Co4 N4,Co-Cs-N,0.017457494
Ca7 Si1 N6,Ca-N-Si,0.026129023
Ca14 Si2 N12,Ca-N-Si,0.045387037
Ca14 Si2 N12,Ca-N-Si,0.061759234
Ca14 Si2 N12,Ca-N-Si,0.044469666
Ca14 Si2 N12,Ca-N-Si,0.045529801
K4 Ru4 N8,K-N-Ru,0.047917189
K4 Ru4 N8,K-N-Ru,0.04994391
K4 Ru4 N8,K-N-Ru,0.036530502
K4 Ru4 N8,K-N-Ru,0.041222024
K4 Ru4 N8,K-N-Ru,0.043084968
Ca6 Fe6 N10,Ca-Fe-N,0.073719909
Ca6 Fe6 N10,Ca-Fe-N,0.011216037
Ca6 Fe6 N10,Ca-Fe-N,0.048419343
Ba4 Nb8 N16,Ba-N-Nb,0.041356106
Ba2 Nb4 N8,Ba-N-Nb,0
Ba2 Nb4 N8,Ba-N-Nb,0.025137579
Ba4 Nb8 N16,Ba-N-Nb,0.042139344
Ba2 Nb4 N8,Ba-N-Nb,0.001468754
K15 Re7 N19,K-N-Re,0.028400603
K15 Re7 N19,K-N-Re,0.016520918
K15 Re7 N19,K-N-Re,0.009130466
K15 Re7 N19,K-N-Re,0.015816391
K4 Pt4 N4,K-N-Pt,0
K4 Pt4 N4,K-N-Pt,6.74E-05
Ba2 Mo4 N8,Ba-Mo-N,0
Ba4 Mo8 N16,Ba-Mo-N,0.018394198
K4 Pt4 N4,K-N-Pt,0.000900997
Ca6 Fe6 N10,Ca-Fe-N,0.039219654
K15 Re7 N19,K-N-Re,0.01289301
Ca6 Fe6 N10,Ca-Fe-N,0.098894213
Ba4 Mo8 N16,Ba-Mo-N,0.015207626
Ba4 Mo8 N16,Ba-Mo-N,0.011345012
Ba4 Mo8 N16,Ba-Mo-N,0.018032606
Sr10 Cr4 N14,Cr-N-Sr,0.058109736
Sr10 Cr4 N14,Cr-N-Sr,0.067478374
Sr10 Cr4 N14,Cr-N-Sr,0.053993233
Sr15 Cr6 N21,Cr-N-Sr,0.063268636
Sr10 Cr4 N14,Cr-N-Sr,0.066857111
Ba4 Mn4 N8,Ba-Mn-N,0.00148814
Ba4 Mn4 N8,Ba-Mn-N,0.00413514
Ba4 Mn4 N8,Ba-Mn-N,0.038250797
Ca10 Ru4 N12,Ca-N-Ru,0
Ca5 Ru2 N6,Ca-N-Ru,0.01206977
Ca5 Ru2 N6,Ca-N-Ru,0.013133597
Ca10 Ru4 N12,Ca-N-Ru,0.036543317
Ca10 Ru4 N12,Ca-N-Ru,0.040321178
Sr12 Al12 N20,Al-N-Sr,0.050760966
Sr6 Al6 N10,Al-N-Sr,0.06801362
Sr6 Al6 N10,Al-N-Sr,0.066418502
Sr6 Al6 N10,Al-N-Sr,0.069395578
Sr6 Al6 N10,Al-N-Sr,0.078516005
Li15 Cr2 N9,Cr-Li-N,0.002917298
Li15 Cr2 N9,Cr-Li-N,0.019634869
Li15 Cr2 N9,Cr-Li-N,0.023802429
Li15 Cr2 N9,Cr-Li-N,0.02047873
Li15 Cr2 N9,Cr-Li-N,0.017056757
Ba4 Ta8 N16,Ba-N-Ta,0.010788034
Ba2 Ta4 N8,Ba-N-Ta,0
Na4 Ni4 N4,N-Na-Ni,0.128353714
Na4 Ni4 N4,N-Na-Ni,0.124713569
Na4 Ni4 N4,N-Na-Ni,0.013729077
Na4 Ni4 N4,N-Na-Ni,0.126697714
Na4 Ni4 N4,N-Na-Ni,0.125511367
Al6 Cd9 N12,Al-Cd-N,0.358876068
Ca6 Y6 N10,Ca-N-Y,0.064423317
Cr1 Ge1 N2,Cr-Ge-N,1.414473013
K1 Ba1 N1,Ba-K-N,0.323214198
Ta4 V12 N16,N-Ta-V,1.425986665
V2 Fe4 N6,Fe-N-V,2.377250213
Y8 In4 N12,In-N-Y,0.07938068
Zr3 Si6 N11,N-Si-Zr,0.314684617
Mn8 Os4 N12,Mn-N-Os,1.612418843
Ti16 Te12 N8,N-Te-Ti,0.181137807
Mn9 Si3 N12,Mn-N-Si,1.849883302
V4 Fe8 N12,Fe-N-V,2.498034551
Cr1 Ge1 N2,Cr-Ge-N,1.298880775
Al8 Zn12 N16,Al-N-Zn,0.085645374
V1 Fe2 N3,Fe-N-V,2.50581256
Sr8 Pd4 N8,N-Pd-Sr,0.142258388
Si7 Pt1 N10,N-Pt-Si,0.257458785
Nb4 Cr2 N6,Cr-N-Nb,0.930284893
Na12 Sc4 N8,N-Na-Sc,0.158118476
Re2 W2 N6,N-Re-W,0.170774706
Pb3 W3 N5,N-Pb-W,0.337960867
Ta6 Si12 N22,N-Si-Ta,0.41425305
Al8 Cd12 N16,Al-Cd-N,0.329514295
Cr2 W3 N6,Cr-N-W,0.195491868
Re3 W3 N9,N-Re-W,0.211374201
Ti1 Ge4 N4,Ge-N-Ti,0.338293468
B4 Mo4 N12,B-Mo-N,0.307480437
Si7 Sn1 N10,N-Si-Sn,0.146017129
Y2 Co3 N4,Co-N-Y,0.113736614
K4 Mg4 N4,K-Mg-N,0.182142056
Na8 Ca20 N16,Ca-N-Na,0.106015614
Cr1 Ge1 N2,Cr-Ge-N,0.250295178
Al4 Mo4 N12,Al-Mo-N,0.157031127
Y2 Co3 N4,Co-N-Y,0.185097643
V4 Mo4 N12,Mo-N-V,0.13576252
Si7 Pt1 N10,N-Pt-Si,0.308152586
Sr6 Sc6 N10,N-Sc-Sr,0.056285085
Ti8 Te6 N4,N-Te-Ti,0.166162601
Na8 Ca20 N16,Ca-N-Na,0.089823022
Ca14 Ir2 N12,Ca-Ir-N,0.099689087
Mo3 W3 N9,Mo-N-W,0.141579876
Mn8 Os4 N12,Mn-N-Os,0.285449697
Ge9 W15 N27,Ge-N-W,0.409068768
Zr4 Ga2 N6,Ga-N-Zr,0.23695716
Cr2 B2 N4,B-Cr-N,0.365067165
Nb4 Cr2 N6,Cr-N-Nb,0.146284657
Ca14 Ir2 N12,Ca-Ir-N,0.079199497
Ta3 Si6 N11,N-Si-Ta,0.359415184
Ca8 Pb2 N8,Ca-N-Pb,0.079075809
Ca4 Pb1 N4,Ca-N-Pb,0.122243506
Re4 W4 N12,N-Re-W,0.18603365
Nb2 Cr1 N3,Cr-N-Nb,0.185358548
Cr4 B4 N8,B-Cr-N,0.315153911
Si7 Sn1 N10,N-Si-Sn,0.157524017
V1 Fe2 N3,Fe-N-V,0.148382235
K4 Ba4 N4,Ba-K-N,0.315717166
Ba8 Pd4 N8,Ba-N-Pd,0.234139598
Al4 Cd6 N8,Al-Cd-N,0.319137387
Ta3 Si6 N11,N-Si-Ta,0.377335178
Pb3 W3 N5,N-Pb-W,0.324851388
Cr8 Te6 N4,Cr-N-Te,0.16099645
Re4 W4 N12,N-Re-W,0.170339034
Sr8 Pd4 N8,N-Pd-Sr,0.141514155
Cr16 Te12 N8,Cr-N-Te,0.197426838
Al8 Zn12 N16,Al-N-Zn,0.062200201
Ta3 W3 N9,N-Ta-W,0.125641651
Si7 Sn1 N10,N-Si-Sn,0.154847018
Li4 Pt4 N4,Li-N-Pt,0.118551113
Si8 Ag4 N12,Ag-N-Si,0.201169066
Cr8 Se6 N4,Cr-N-Se,0.202049518
Mg4 Au4 N4,Au-Mg-N,0.287136572
Cs2 Ca5 N4,Ca-Cs-N,0.214793384
Ca6 Y6 N10,Ca-N-Y,0.050170355
Zr3 Si6 N11,N-Si-Zr,0.28513445
Si8 Ag4 N12,Ag-N-Si,0.21765836
Sr6 Sc6 N10,N-Sc-Sr,0.09581788
Cr2 Ag1 N3,Ag-Cr-N,0.236028581
Ti1 Ge4 N4,Ge-N-Ti,0.344190008
Na12 Sc4 N8,N-Na-Sc,0.176063194
Sr3 Sc3 N5,N-Sc-Sr,0.060521133
Ta2 V6 N8,N-Ta-V,0.169342122
Cs4 Ca10 N8,Ca-Cs-N,0.205902367
Ba2 Pd1 N2,Ba-N-Pd,0.26103763
Mo4 W4 N12,Mo-N-W,0.049619338
Zr4 Ga2 N6,Ga-N-Zr,0.282417206
Zr3 Si6 N11,N-Si-Zr,0.333708556
Al4 Fe2 N6,Al-Fe-N,0.110091752
Ge9 W15 N27,Ge-N-W,0.397396132
Ti2 Ge8 N8,Ge-N-Ti,0.2486528
Mo2 W2 N6,Mo-N-W,0.107879718
Si7 Sn1 N10,N-Si-Sn,0.159898409
Cr1 Ge1 N2,Cr-Ge-N,0.134142988
Ta4 W4 N12,N-Ta-W,0.202611572
Sc8 Cr4 N12,Cr-N-Sc,0.057861659
Ba8 Pd4 N8,Ba-N-Pd,0.234175875
Cu4 Si8 N12,Cu-N-Si,0.125202781
V1 Mo1 N3,Mo-N-V,0.108434401
Si7 Pt1 N10,N-Pt-Si,0.282849957
Ca6 Y6 N10,Ca-N-Y,0.067404858
Ta3 V9 N12,N-Ta-V,0.158408151
Re3 W3 N9,N-Re-W,0.237181918
Sc4 Cr2 N6,Cr-N-Sc,0.084000733
Y2 Co3 N4,Co-N-Y,0.099773632
Pb12 W12 N20,N-Pb-W,0.345502368
Nb2 Cr1 N3,Cr-N-Nb,0.164281315
K1 Ba1 N1,Ba-K-N,0.322904672
Ta2 S2 N2,N-S-Ta,0.006289594
Al2 Mo2 N6,Al-Mo-N,0.192785932
Ge9 W15 N27,Ge-N-W,0.402867879
Ta3 Si6 N11,N-Si-Ta,0.326075074
Al8 Zn12 N16,Al-N-Zn,0.089702752
Y2 Co3 N4,Co-N-Y,0.105206377
Cr16 Te12 N8,Cr-N-Te,0.170544479
Rb2 Ca5 N4,Ca-N-Rb,0.240418849
Mn3 Si1 N4,Mn-N-Si,0.152285288
Na12 Sc4 N8,N-Na-Sc,0.161753459
Mn4 Os2 N6,Mn-N-Os,0.209149379
Ti8 Te6 N4,N-Te-Ti,0.156140555
In4 B4 N8,B-In-N,0.196960672
Ta1 Au1 N2,Au-N-Ta,0.240456204
Ga2 Si4 N6,Ga-N-Si,0.29377463
Zr3 Si6 N11,N-Si-Zr,0.332600891
Ga3 Si6 N9,Ga-N-Si,0.33252155
Pb6 W6 N10,N-Pb-W,0.388807021
Zr2 Ga1 N3,Ga-N-Zr,0.236547774
Pb6 W6 N10,N-Pb-W,0.298769306
Zr4 Ga2 N6,Ga-N-Zr,0.227520912
Ca8 Pb2 N8,Ca-N-Pb,0.140680026
Mg4 Au4 N4,Au-Mg-N,0.307620742
Rb8 Ca20 N16,Ca-N-Rb,0.21971265
Ge9 W15 N27,Ge-N-W,0.375549837
Rb2 Ca5 N4,Ca-N-Rb,0.231622399
V16 Te12 N8,N-Te-V,0.125127555
Mn8 Os4 N12,Mn-N-Os,0.107734704
Cr4 W6 N12,Cr-N-W,0.228931135
Ca16 Pb4 N16,Ca-N-Pb,0.123881053
Mn2 Al4 N6,Al-Mn-N,0.085178715
Al2 Mo2 N6,Al-Mo-N,0.136446824
Ca6 Y6 N10,Ca-N-Y,0.05850926
Ga4 Ni2 N6,Ga-N-Ni,0.159343247
Si4 Se2 N4,N-Se-Si,0.104071441
Mn12 Si4 N16,Mn-N-Si,0.167895908
Ta4 V12 N16,N-Ta-V,0.182753387
V1 Mo1 N3,Mo-N-V,0.128320061
K4 Ba4 N4,Ba-K-N,0.344275063
Mg4 Rh4 N8,Mg-N-Rh,0.199114437
Mn3 Si1 N4,Mn-N-Si,0.193513547
Mg3 Au3 N3,Au-Mg-N,0.330189152
Ta3 Si6 N11,N-Si-Ta,0.364830061
Cr4 B4 N8,B-Cr-N,0.308369913
Ca8 Pb2 N8,Ca-N-Pb,0.149569689
Na8 Ca20 N16,Ca-N-Na,0.10785626
Ca6 Y6 N10,Ca-N-Y,0.072731984
Ge9 W15 N27,Ge-N-W,0.37499601
Al4 Mo4 N12,Al-Mo-N,0.213112348
Y2 Fe1 N3,Fe-N-Y,0.048798608
Cr4 B4 N8,B-Cr-N,0.314964365
Al8 Cd12 N16,Al-Cd-N,0.368821514
Nb2 Cr1 N3,Cr-N-Nb,0.175541278
Cr4 W6 N12,Cr-N-W,0.212677657
Ta2 W2 N6,N-Ta-W,0.148433078
Na12 Sc4 N8,N-Na-Sc,0.163367136
Al6 Zn9 N12,Al-N-Zn,0.092705905
Sr3 Sc3 N5,N-Sc-Sr,0.107464723
Rb8 Ca20 N16,Ca-N-Rb,0.207975088
Cs4 Mg4 N4,Cs-Mg-N,0.187045749
Ca7 Ir1 N6,Ca-Ir-N,0.075517242
Si7 Sn1 N10,N-Si-Sn,0.16779693
Al8 Zn12 N16,Al-N-Zn,0.096163554
Ti8 Te6 N4,N-Te-Ti,0.158319122
Sc8 Cr4 N12,Cr-N-Sc,0.095217475
Sc8 Cr4 N12,Cr-N-Sc,0.043996659
Al8 Cd12 N16,Al-Cd-N,0.361838528
Zr3 Si6 N11,N-Si-Zr,0.281001483
Zr4 Ga2 N6,Ga-N-Zr,0.241979908
Y2 Co3 N4,Co-N-Y,0.096792908
Mo4 W4 N12,Mo-N-W,0.044003017
K1 Ba1 N1,Ba-K-N,0.325430125
Sr6 Sc6 N10,N-Sc-Sr,0.07102679
Ti8 Te6 N4,N-Te-Ti,0.151947697
Rb4 Ca10 N8,Ca-N-Rb,0.248298553
V2 Mo2 N6,Mo-N-V,0.14560901
Cr4 B4 N8,B-Cr-N,0.277005023
Na8 Ca20 N16,Ca-N-Na,0.111161244
Cr1 Ge1 N2,Cr-Ge-N,0.23418137
Na12 Sc4 N8,N-Na-Sc,0.163540863
Mn3 Si1 N4,Mn-N-Si,0.16451346
Cu4 Si8 N12,Cu-N-Si,0.111449583
Si7 Pt1 N10,N-Pt-Si,0.288476219
Ca14 Ir2 N12,Ca-Ir-N,0.083334283
Mn8 Os4 N12,Mn-N-Os,0.102755431
Mo4 W4 N12,Mo-N-W,0.102830537
Ti2 Ge8 N8,Ge-N-Ti,0.307784008
Ta4 V12 N16,N-Ta-V,0.17280738
Si7 Pt1 N10,N-Pt-Si,0.311098543
Ti2 Ge8 N8,Ge-N-Ti,0.282645203
Sc4 Cr2 N6,Cr-N-Sc,0.080544213
Ca14 Ir2 N12,Ca-Ir-N,0.065170557
Na8 Ca20 N16,Ca-N-Na,0.104896741
V4 Fe8 N12,Fe-N-V,0.175285184
Cd6 In4 N8,Cd-In-N,0.307920588
Fe12 Sb4 N4,Fe-N-Sb,0.083830092
Re4 Mo4 N12,Mo-N-Re,0.050871842
Cd6 In4 N8,Cd-In-N,0.313831423
Zn4 Bi2 N6,Bi-N-Zn,0.224851194
Pd2 C2 N4,C-N-Pd,0.262889034
Pd2 C2 N4,C-N-Pd,0.262047701
Pd4 C4 N8,C-N-Pd,0.304889921
Ni8 Ir2 N8,Ir-N-Ni,0.301250918
Cd4 Cu4 N4,Cd-Cu-N,0.250828112
In3 Pb3 N5,In-N-Pb,0.270272603
Ni8 Ir2 N8,Ir-N-Ni,0.291129091
Re4 Mo4 N12,Mo-N-Re,0.148491446
Cu1 Os1 N2,Cu-N-Os,0.42120436
Cu1 Os1 N2,Cu-N-Os,0.421219732
Fe6 Sb2 N2,Fe-N-Sb,0.111272067
Cu1 Os1 N2,Cu-N-Os,0.418710622
Ni8 Ir2 N8,Ir-N-Ni,0.285518668
Cd4 Cu4 N4,Cd-Cu-N,0.267982498
Cd4 Cu4 N4,Cd-Cu-N,0.281908915
Zn8 Bi4 N12,Bi-N-Zn,0.224901519
In3 Pb3 N5,In-N-Pb,0.238296842
K2 Pb2 N2,K-N-Pb,0.231402549
Na6 Bi2 N4,Bi-N-Na,0.289093782
Ni8 Ir2 N8,Ir-N-Ni,0.27159621
Zn8 Bi4 N12,Bi-N-Zn,0.24846829
Cd6 In4 N8,Cd-In-N,0.313970712
Na9 Bi3 N6,Bi-N-Na,0.281804802
Ni8 Ir2 N8,Ir-N-Ni,0.272003098
K4 Pb4 N4,K-N-Pb,0.258571868
Re4 Mo4 N12,Mo-N-Re,0.041829597
In3 Pb3 N5,In-N-Pb,0.22702785
K2 Pb2 N2,K-N-Pb,0.230992682
Re4 Mo4 N12,Mo-N-Re,0.046728133
K4 Pb4 N4,K-N-Pb,0.271124939
Cd9 In6 N12,Cd-In-N,0.31903041
Cu1 Os1 N2,Cu-N-Os,0.340593775
Na6 Bi2 N4,Bi-N-Na,0.290616674
Cd3 In2 N4,Cd-In-N,0.313410302
K2 Pb2 N2,K-N-Pb,0.289068716
In3 Pb3 N5,In-N-Pb,0.254632363
Fe9 Sb3 N3,Fe-N-Sb,0.148191018
Cd1 Cu1 N1,Cd-Cu-N,0.251181712
Cu1 Os1 N2,Cu-N-Os,0.39504132
Zn4 Bi2 N6,Bi-N-Zn,0.227223409
Fe12 Sb4 N4,Fe-N-Sb,0.116218688
Zn8 Bi4 N12,Bi-N-Zn,0.235606699
Re2 Mo2 N6,Mo-N-Re,0.072183431
Cd2 Cu2 N2,Cd-Cu-N,0.26658305
Pd2 C2 N4,C-N-Pd,0.260446793
In3 Pb3 N5,In-N-Pb,0.224240497
Fe12 Sb4 N4,Fe-N-Sb,0.08142481
